,split0_test_rmse,split1_test_rmse,split2_test_rmse,mean_test_rmse,std_test_rmse,rank_test_rmse,split0_test_mae,split1_test_mae,split2_test_mae,mean_test_mae,std_test_mae,rank_test_mae,mean_fit_time,std_fit_time,mean_test_time,std_test_time,params,param_biased,param_lr_all
0,1.1218145358733458,1.1230216244588873,1.1222946732968404,1.1223769445430245,0.0004962137521926575,2,0.8949172834577159,0.8953295925922719,0.8959427986626483,0.8953965582375454,0.00042133411692069994,3,101.28711525599162,12.756165989166078,55.179468075434364,56.15792767623924,"{'biased': True, 'lr_all': 0.001}",True,0.001
1,1.0955458986623792,1.0965883940190586,1.09628017758247,1.0961381567546358,0.00043728448316746293,1,0.8632942395087354,0.8635552824573595,0.8639505856570469,0.8636000358743806,0.0002698144026945407,1,122.2370270093282,4.09676608055991,125.2425643603007,10.203920862673966,"{'biased': True, 'lr_all': 0.005}",True,0.005
2,1.145894521162136,1.1465606151943926,1.1468473600877305,1.1464341654814196,0.0003991387828522443,3,0.8875261766981741,0.8873065705837754,0.8882386493476419,0.8876904655431971,0.0003978574484761714,2,415.2580173810323,388.69779551003023,2648.1977129777274,2215.8378356579688,"{'biased': True, 'lr_all': 0.05}",True,0.05
3,2.6654753013449275,2.6745656277652605,2.661799304068244,2.667280077726144,0.005365797146364382,6,2.331765031745821,2.3414121821461586,2.3266703583923998,2.333282524094793,0.0061132331417788075,6,129.90727734565735,11.421524493896237,178.133460521698,49.572544256752366,"{'biased': False, 'lr_all': 0.001}",False,0.001
4,1.397291632941165,1.4003095191958361,1.3979374763920092,1.3985128761763368,0.0012974906667323413,5,1.1106921532366454,1.1127917077816853,1.1109697417020448,1.1114845342401252,0.000931232459287846,5,107.60121051470439,8.414770916924619,120.54271936416626,10.293368405947044,"{'biased': False, 'lr_all': 0.005}",False,0.005
5,1.2461541196635708,1.2466300437240496,1.2461679188837953,1.2463173607571385,0.00022117200390483344,4,0.9829234352481871,0.9827559603022877,0.983398594737106,0.9830259967625269,0.00027219343902367825,4,105.47210558255513,6.496183685785352,81.05965669949849,12.616613004715052,"{'biased': False, 'lr_all': 0.05}",False,0.05
